{
	"format_version": "1.8.0",
	"animations": {
		"1.model.new": {
			"loop": true,
			"animation_length": 3,
			"bones": {
				"bone": {
					"rotation": {
						"0.0": {
							"vector": {
								"vector": [35.6484, -10.21235, -7.24677]
							}
						},
						"0.25": {
							"vector": {
								"vector": [58.77185, -22.93442, -26.6676]
							}
						},
						"0.5": {
							"vector": {
								"vector": [91.32352, -25.36928, -56.75023]
							}
						},
						"0.75": {
							"vector": {
								"vector": [119.04945, -15.6702, -78.48107]
							}
						},
						"1.0": {
							"vector": {
								"vector": [149.55584, -6.71978, -93.82994]
							}
						},
						"1.25": {
							"vector": {
								"vector": [169.42552, 8.38747, -102.68958]
							}
						},
						"1.5": {
							"vector": {
								"vector": [198.38958, 25.56615, -106.19674]
							}
						},
						"1.75": {
							"vector": {
								"vector": [169.42552, 8.38747, -102.68958]
							}
						},
						"2.0": {
							"vector": {
								"vector": [119.04945, -15.6702, -78.48107]
							}
						},
						"2.25": {
							"vector": {
								"vector": [91.32352, -25.36928, -56.75023]
							}
						},
						"2.5": {
							"vector": {
								"vector": [58.77185, -22.93442, -26.6676]
							}
						},
						"2.75": {
							"vector": {
								"vector": [35.6484, -10.21235, -7.24677]
							}
						}
					}
				}
			}
		}
	}
}