{
	"format_version": "1.8.0",
	"animations": {
		"Spin": {
			"animation_length": 3,
			"bones": {
				"bone": {
					"rotation": {
						"0.0": [-27.5, 0, -47.5],
						"0.25": [-77.08943, -23.57105, -104.44013],
						"0.5": [-42.97497, -52.84305, -193.57233],
						"0.75": [-50.713, -39.88141, -258.54516],
						"1.0": [-63.73054, -31.62451, -310.68103],
						"1.25": [-151.74721, 0.85428, -290.90044],
						"1.5": [-113.87189, -17.60356, -360.75414],
						"1.75": [-151.74721, 0.85428, -290.90044],
						"2.0": [-63.73054, -31.62451, -310.68103],
						"2.25": [-50.713, -39.88141, -258.54516],
						"2.5": [-42.97497, -52.84305, -193.57233],
						"2.75": [-77.08943, -23.57105, -104.44013],
						"3.0": [-27.5, 0, -47.5]
					}
				}
			}
		}
	}
}